{
  "timestamp": "20260207_202008",
  "model_config": {
    "input_dim": 207,
    "hidden_dim": 56,
    "num_blocks": 5,
    "num_stages": 2,
    "num_cycles_per_stage": 2,
    "ratio_toZ_after_flowstage": 0.3,
    "ratio_x1_x2_inAffine": 0.024154589371980676
  },
  "training_params": {
    "batch_size": 32,
    "gradient_accumulation_steps": 1,
    "learning_rate": 0.0005,
    "weight_decay": 1e-05,
    "clip_value": 0.5,
    "num_epochs": 150,
    "loss_weights": {
      "weight_y": 1.5,
      "weight_x": 0.5,
      "weight_z": 0.3
    }
  },
  "data_info": {
    "train_samples": 300,
    "val_samples": 200,
    "x_dim": 5,
    "y_dim": 202,
    "z_dim": 5,
    "left_input_dim": 207,
    "right_input_dim": 207,
    "normalization_method": "robust",
    "x_mean": [
      3.734499931335449,
      4.458849906921387,
      4.149350166320801,
      3.1547999382019043,
      2.950650215148926
    ],
    "x_std": [
      0.25204998254776,
      0.24949991703033447,
      0.25677478313446045,
      0.25000011920928955,
      0.2263999581336975
    ],
    "y_mean": [
      0.319752372858059,
      0.2810067917674895,
      0.2350037954973695,
      0.1906499395619865,
      0.136939063817348,
      0.104605528030979,
      0.06315723517748126,
      0.0213618322461946,
      -0.018263969331111102,
      -0.04639666781869415,
      -0.08471664621931235,
      -0.1129234566532895,
      -0.1148264477773665,
      -0.1509938527182415,
      -0.174675671083292,
      -0.1854086957411415,
      -0.21863374637585598,
      -0.265231274237749,
      -0.2959077102822455,
      -0.317766051934738,
      -0.3216363536164115,
      -0.3219600690667275,
      -0.3731736381533835,
      -0.36638247912397004,
      -0.3369603681399725,
      -0.344133099227091,
      -0.3256872089324875,
      -0.2968437033951825,
      -0.2960206113210945,
      -0.2563785578585325,
      -0.2149920823762475,
      -0.1680307992387045,
      -0.11976291221480351,
      -0.07214168810100405,
      -0.06097453877666555,
      -0.04086673318681175,
      -0.02316412757995545,
      -0.0167952552584591,
      -0.0203676828263191,
      -0.037760769645151654,
      -0.04460404276841985,
      -0.03209968203780415,
      -0.03088735377600205,
      -0.0151562425483933,
      -0.01262851800428195,
      -0.0255155556692162,
      -0.035444311987544705,
      -0.04133069035305145,
      -0.03260233463257395,
      -0.01653194167795645,
      -0.009559445766453071,
      -0.015526898002592451,
      -0.00927687379928672,
      -0.01329827422457915,
      -0.01729112589537915,
      -0.00454206610780165,
      -0.01380028707458325,
      -0.008308185743442475,
      -0.009075792985071085,
      -0.00539715658164046,
      0.0009672656370861947,
      0.006569778381365355,
      -0.00047123601769984505,
      0.0012545819162082849,
      0.007779218328426804,
      0.014520196287068049,
      0.015706812763208698,
      0.026529661688824098,
      0.0158135268537931,
      0.034639262300405455,
      0.0625269198135147,
      0.06364111777026706,
      0.11364200391915649,
      0.1324003240773125,
      0.1500368342338675,
      0.16464097992467253,
      0.2202463862232635,
      0.2685688732277195,
      0.3228812884564225,
      0.3094258026520875,
      0.3845159067846925,
      0.3899339071961015,
      0.43294865146032646,
      0.49122722845015254,
      0.512571111489097,
      0.565693245730541,
      0.5953753258869645,
      0.635830192046541,
      0.6835354326786509,
      0.724490456247739,
      0.768745373793005,
      0.8095932726393524,
      0.8401317496055405,
      0.8679376814028861,
      0.892523369076731,
      0.9138116032414529,
      0.931533167126007,
      0.9427836262046145,
      0.9489152093243161,
      0.951516662113987,
      0.9579974585069371,
      -0.926142184871283,
      -0.9314084702500784,
      -0.9376716568136965,
      -0.9413224012834115,
      -0.9412984743809485,
      -0.941263730845435,
      -0.9381473479026055,
      -0.934758764454747,
      -0.9377743181748659,
      -0.9375972726371224,
      -0.9275452327442985,
      -0.9217057834463476,
      -0.899954240209867,
      -0.8655340672851795,
      -0.8367510974762811,
      -0.8029869854317865,
      -0.7752785531092035,
      -0.7377511242745205,
      -0.6971988048690875,
      -0.6481195422648656,
      -0.5869845507800955,
      -0.5353636463722085,
      -0.4596647124360555,
      -0.39120094031255204,
      -0.3223216920133845,
      -0.2445557022471485,
      -0.1632871568676515,
      -0.10108498531384255,
      -0.0435963562223336,
      -0.02042967739459315,
      -0.0219064093673568,
      -0.00786671116802844,
      -0.015996405572501753,
      -0.0274798665301202,
      -0.024617413871150802,
      -0.012543418855877949,
      -0.01813836022553095,
      -0.0054516494362191505,
      -0.01181592307731195,
      -0.0121707642973692,
      -0.02088952445239715,
      -0.02032258292759695,
      -0.0039507147598047,
      -0.0119755630486784,
      -0.01608895504984745,
      -0.018089108899635498,
      -0.0172298589212201,
      -0.0156152150897946,
      -0.013257725800975801,
      -0.013699638959210149,
      -0.018452401858747698,
      -0.007026630467773956,
      0.00372962657634623,
      0.0040620307777578645,
      0.009154917124291874,
      0.010949037057231424,
      0.0419520262999145,
      0.06556878160978716,
      0.07678674588645965,
      0.10109312984945501,
      0.10932435772492449,
      0.11843136796352549,
      0.144822370894409,
      0.1693297752480135,
      0.1889521905498365,
      0.204986508907092,
      0.222176517010762,
      0.2500837823728425,
      0.2822033800331245,
      0.31102773801365746,
      0.33111997294734896,
      0.369776595267318,
      0.3804742779437365,
      0.38716448790521696,
      0.40115070379483897,
      0.404902889093594,
      0.43080607357859146,
      0.442388323502955,
      0.457980804945772,
      0.459965019974685,
      0.4894793755593775,
      0.492516273245343,
      0.5052332815200395,
      0.4974060893303265,
      0.4752436201189725,
      0.4702235869841195,
      0.48810203078921355,
      0.48504622967056754,
      0.471593931336987,
      0.4461137068304365,
      0.43805802175075903,
      0.43450110488434845,
      0.41895792243760555,
      0.390583624618007,
      0.385651501709734,
      0.3635732806940695,
      0.3208965666742165,
      0.2840819388795275,
      0.243400673564604
    ],