{
  "total_samples": 5,
  "num_z_candidates": 500,
  "average_relative_error": 0.012521415017545223,
  "accuracy": 0.9874786138534546,
  "average_best_nmse": 0.02783876711943426,
  "nmse_statistics": {
    "min": 0.005347563907437063,
    "max": 0.058254418404371906,
    "mean": 0.02783876711943426,
    "std": 0.019005498186263396,
    "median": 0.018993208361759974
  },
  "detailed_results": [
    {
      "real_x": [
        3.756999969482422,
        4.552000045776367,
        4.125,
        3.114000082015991,
        2.8929998874664307
      ],
      "predicted_x": [
        3.7560863494873047,
        4.561723709106445,
        4.132997989654541,
        3.1040008068084717,
        2.8856658935546875
      ],
      "relative_errors": [
        0.00024317807401530445,
        0.0021361298859119415,
        0.0019389066146686673,
        0.003211071016266942,
        0.002535082632675767
      ],
      "best_nmse": 0.005347563907437063,
      "best_z_idx": 356
    },
    {
      "real_x": [
        3.809000015258789,
        4.261300086975098,
        3.906899929046631,
        3.2778000831604004,
        2.9600000381469727
      ],
      "predicted_x": [
        3.8817532062530518,
        4.256486415863037,
        4.143362998962402,
        3.2747373580932617,
        2.9334354400634766
      ],
      "relative_errors": [
        0.019100338220596313,
        0.0011296250158920884,
        0.06052447482943535,
        0.0009343843557871878,
        0.008974526077508926
      ],
      "best_nmse": 0.058254418404371906,
      "best_z_idx": 468
    },
    {
      "real_x": [
        3.982599973678589,
        4.536600112915039,
        3.9072999954223633,
        2.908900022506714,
        2.8355000019073486
      ],
      "predicted_x": [
        3.968090295791626,
        4.510413646697998,
        4.104030132293701,
        2.9267215728759766,
        2.8239331245422363
      ],
      "relative_errors": [
        0.0036432677879929543,
        0.005772267002612352,
        0.05034938082098961,
        0.006126559805124998,
        0.004079307895153761
      ],
      "best_nmse": 0.01612536235533231,
      "best_z_idx": 186
    },
    {
      "real_x": [
        3.6398000717163086,
        4.503799915313721,
        3.908099889755249,
        3.126199960708618,
        3.0002999305725098
      ],
      "predicted_x": [
        3.6391513347625732,
        4.459413528442383,
        4.125340938568115,
        3.127619743347168,
        2.999234437942505
      ],
      "relative_errors": [
        0.00017823422967921942,
        0.009855319745838642,
        0.05558738484978676,
        0.00045415604836307466,
        0.00035512869362719357
      ],
      "best_nmse": 0.018993208361759974,
      "best_z_idx": 50
    },
    {
      "real_x": [
        3.5485000610351562,
        4.321499824523926,
        3.90939998626709,
        3.0608999729156494,
        2.799099922180176
      ],
      "predicted_x": [
        3.5509026050567627,
        4.310095310211182,
        4.146394729614258,
        3.045705556869507,
        2.7794928550720215
      ],
      "relative_errors": [
        0.0006770590553060174,
        0.002639017766341567,
        0.06062176823616028,
        0.004964035470038652,
        0.007004775572568178
      ],
      "best_nmse": 0.04047328256827004,
      "best_z_idx": 81
    }
  ]
}