{
  "timestamp": "20260215_131512",
  "model_config": {
    "input_dim": 207,
    "hidden_dim": 64,
    "num_blocks": 8,
    "num_stages": 3,
    "num_cycles_per_stage": 2,
    "ratio_toZ_after_flowstage": 0.194,
    "ratio_x1_x2_inAffine": 0.12
  },
  "training_params": {
    "batch_size": 32,
    "gradient_accumulation_steps": 1,
    "learning_rate": 0.000261,
    "weight_decay": 1.1e-06,
    "clip_value": 0.5,
    "num_epochs": 200,
    "loss_weights": {
      "weight_y": 1.955,
      "weight_x": 0.849,
      "weight_z": 0.185
    }
  },
  "data_info": {
    "train_samples": 500,
    "val_samples": 5,
    "x_dim": 5,
    "y_dim": 202,
    "z_dim": 5,
    "left_input_dim": 207,
    "right_input_dim": 207,
    "normalization_method": "robust",
    "x_mean": [
      3.7472000122070312,
      4.456850051879883,
      4.142999649047852,
      3.1620001792907715,
      2.952549934387207
    ],
    "x_std": [
      0.24714994430541992,
      0.24724960327148438,
      0.2553253173828125,
      0.2479250431060791,
      0.22550010681152344
    ],
    "y_mean": [
      0.289863078818861,
      0.2487826340834215,
      0.20728602838183652,
      0.160667574051819,
      0.1112111462706865,
      0.0672980495691559,
      0.0281240745880269,
      -0.01225545899244515,
      -0.054264924659531144,
      -0.0696964374730812,
      -0.1003434676073965,
      -0.15378849547544848,
      -0.17015804606839902,
      -0.21496337746032151,
      -0.243887345635801,
      -0.249036773653889,
      -0.2746277380555345,
      -0.3150335259299605,
      -0.345349301054291,
      -0.3659953168462265,
      -0.3481102951710795,
      -0.3336869018501085,
      -0.3731736381533835,
      -0.370442282787747,
      -0.350635707430414,
      -0.35351689595421854,
      -0.32217592587606403,
      -0.29624015810211046,
      -0.289244955672554,
      -0.2504480447473715,
      -0.2149920823762475,
      -0.172928842881297,
      -0.13464800829809148,
      -0.0992973158472155,
      -0.0922502133157862,
      -0.0642636117124943,
      -0.044579765908487654,
      -0.0287427205094405,
      -0.0286515821975016,
      -0.033964348694612345,
      -0.0443816484907504,
      -0.024470556006753852,
      -0.023162575466122153,
      -0.007985693911737264,
      -0.009170742984739261,
      -0.01743420164578855,
      -0.02277843703950335,
      -0.0212860170091521,
      -0.013020550467883151,
      -0.013402931246052751,
      -0.005605421533815605,
      -0.01414146950509595,
      -0.0191644500988792,
      -0.0151701138290115,
      -0.0142272325323789,
      -0.009208358000406563,
      -0.007949937336329711,
      -0.00944512290544481,
      -0.01003698743241617,
      -0.007942733081091375,
      -0.002906618809337705,
      -0.000497279008264892,
      -0.003496952078045085,
      -0.00431608570645675,
      -0.00399037916196345,
      0.004558168353785125,
      0.009998975124279334,
      0.02788298044057585,
      0.024049208239172802,
      0.05212251001935245,
      0.07417943278367731,
      0.10721809926947751,
      0.13262151674559453,
      0.1643110136427525,
      0.1939482635112845,
      0.2333716461665835,
      0.268351711172589,
      0.30024246828672796,
      0.344713201649244,
      0.352006069970645,
      0.39575950485307654,
      0.423889874528422,
      0.464137467350897,
      0.5088127979853956,
      0.5466524985785379,
      0.586524307563974,
      0.627663193661208,
      0.6636913490721694,
      0.7126608830629044,
      0.747945220122779,
      0.7886465159560876,
      0.827087910487336,
      0.8571751574045194,
      0.8794871867289056,
      0.9048770279812519,
      0.9242182095370539,
      0.9383927571801061,
      0.9481765069398396,
      0.953223553802562,
      0.957690531282543,
      0.959934603914841,
      -0.933123430819323,
      -0.938785234483879,
      -0.943046625488332,
      -0.945325876474705,
      -0.9453175245799775,
      -0.94421145330886,
      -0.9425704827333294,
      -0.9410464420341955,
      -0.937911199305415,
      -0.9374122868404315,
      -0.9252913471778526,
      -0.917266143034849,
      -0.897612880662157,
      -0.8636380964790985,
      -0.8345267984040725,
      -0.7993193329409904,
      -0.7443569879555205,
      -0.703457846262136,
      -0.6638971544469721,
      -0.626607520800306,
      -0.5695139082006585,
      -0.513727080425384,
      -0.4519120850577715,
      -0.37618961456412703,
      -0.2919569942132395,
      -0.218939867731068,
      -0.13862358532249,
      -0.09874235040414156,
      -0.05268429411414405,
      -0.03703975615176135,
      -0.0237695877852152,
      -0.00512347477735314,
      -0.00452397442108422,
      -0.02239222705417865,
      -0.017331443461736998,
      -0.0020745263946384653,
      -0.001013351609886435,
      -0.002240333760059825,
      -0.00052095756504209,
      -0.01099837858118315,
      -0.014322684425559,
      -0.01506188495209965,
      -0.0005418251978150877,
      -0.005703654308090365,
      -0.0072641450660012544,
      -0.011805981387071101,
      -0.00787964682046123,
      -0.009016097741322216,
      -0.012337076176935299,
      -0.00789889930868478,
      -0.010035476565380466,
      -0.0062697425965844746,
      0.005002636989176315,
      0.00459598031940713,
      0.0043132207975288255,
      0.01308195212119655,
      0.0370591962441047,
      0.0556860047823548,
      0.0702230116465895,
      0.0867214708618598,
      0.1092830295315525,
      0.1437083078263725,
      0.164591741117995,
      0.19150155006915748,
      0.2088619644581195,
      0.2508555592456005,
      0.255488168036794,
      0.287327355120015,
      0.2950634000056465,
      0.3219486413148215,
      0.3423496944186285,
      0.390600065277804,
      0.40119491809365404,
      0.413360290833641,
      0.4181478714482765,
      0.446652675947831,
      0.4603002304944075,
      0.4547833333448115,
      0.4643151117248665,
      0.45916898153928,
      0.4765976041799185,
      0.478763189730823,
      0.4972825163830745,
      0.485344267441164,
      0.4779636642758635,
      0.478420864897266,
      0.484237731561348,
      0.48234518985400754,
      0.46382449573936646,
      0.4412088524444585,
      0.404792581566126,
      0.4041372699577025,
      0.39217364303201097,
      0.36668679906644297,
      0.3460220114809045,
      0.3190188828841405,
      0.2917541459365855,
      0.2504848168482915,
      0.2172643584034325,
      0.173371681478449,
      0.125930636868852
    ],