{
  "input_file": "data/S Parameter Plot1perfect.csv",
  "model_dir": "model_checkpoints_rinn/rinn_correct_structure_20260208_104358",
  "num_samples": 3,
  "random_seed": 42,
  "generation_time": "2026-02-08 19:43:52",
  "generated_x_samples": [
    [
      3.6986897755227828,
      4.146415490813354,
      4.105989025231716,
      3.155611925854569,
      2.8905926811174716
    ],
    [
      3.771585772350778,
      4.421607950785985,
      4.01674279666814,
      3.1184114603038022,
      2.8759872244858737
    ],
    [
      3.713938614409301,
      4.58079124666272,
      4.431573808252779,
      3.130145955250754,
      2.86439655141829
    ]
  ],
  "z_samples": [
    [
      0.49671414494514465,
      -0.13826429843902588,
      0.6476885676383972,
      1.5230298042297363,
      -0.2341533750295639
    ],
    [
      -0.23413695394992828,
      1.5792127847671509,
      0.7674347162246704,
      -0.4694743752479553,
      0.5425600409507751
    ],
    [
      -0.4634176790714264,
      -0.4657297432422638,
      0.241962268948555,
      -1.9132802486419678,
      -1.7249178886413574
    ]
  ],
  "standard_x": [
    3.757,
    4.552,
    4.125,
    3.114,
    2.893
  ],
  "error_analysis": {
    "param_avg_abs_err": [
      0.03865246080623145,
      0.18825593502112703,
      0.14461399545097406,
      0.020723113803041777,
      0.016007847659454733
    ],
    "param_avg_rel_err": [
      1.0288118366609067,
      4.135675189094014,
      3.505793820615628,
      0.6654821366889391,
      0.5533303700007499
    ],
    "sample_avg_rel_err": [
      2.468488044962815,
      1.3213757533502073,
      2.143592213523121
    ],
    "best_sample_idx": 1,
    "best_sample_err": 1.3213757533502073
  },
  "validation_results": [
    0.055427499972241584,
    0.029096158280914042,
    0.013864737616753131
  ]
}