{
  "timestamp": "20260205_111818",
  "model_config": {
    "input_dim": 207,
    "hidden_dim": 56,
    "num_blocks": 5,
    "num_stages": 2,
    "num_cycles_per_stage": 2,
    "ratio_toZ_after_flowstage": 0.3,
    "ratio_x1_x2_inAffine": 0.024154589371980676
  },
  "training_params": {
    "batch_size": 32,
    "gradient_accumulation_steps": 1,
    "learning_rate": 0.0005,
    "weight_decay": 1e-05,
    "clip_value": 0.5,
    "num_epochs": 150,
    "loss_weights": {
      "weight_y": 1.5,
      "weight_x": 0.5,
      "weight_z": 0.3
    }
  },
  "data_info": {
    "train_samples": 72,
    "val_samples": 18,
    "x_dim": 5,
    "y_dim": 202,
    "z_dim": 5,
    "left_input_dim": 207,
    "right_input_dim": 207,
    "normalization_method": "robust",
    "x_mean": [
      3.222222328186035,
      3.722222328186035,
      3.0222222805023193,
      3.3888888359069824,
      3.0888888835906982
    ],
    "x_std": [
      0.27777767181396484,
      0.27777767181396484,
      0.22222232818603516,
      0.08888888359069824,
      0.08888888359069824
    ],
    "y_mean": [
      0.5548819915901471,
      0.531348802923673,
      0.5064304949947215,
      0.4776223393837325,
      0.4436915539476085,
      0.4095169663466295,
      0.374794462930791,
      0.33909461973081245,
      0.2977413216054825,
      0.253525109481143,
      0.207719036724345,
      0.1485106021317015,
      0.09940559664056126,
      0.024720225494107264,
      -0.05923784012651625,
      -0.14623664087781552,
      -0.1780117049581455,
      -0.180996904292701,
      -0.2183275558432015,
      -0.209528969085292,
      -0.282744947523523,
      -0.2576394959423775,
      -0.184624926251235,
      -0.1483294426687705,
      -0.175137031214624,
      -0.16208345825293852,
      -0.1996829598840465,
      -0.209543235735491,
      -0.15186715393351802,
      -0.1650649579738045,
      -0.15586557490998698,
      -0.12357882020140651,
      -0.0973803826342933,
      -0.07600613549495755,
      -0.0356978830362424,
      -0.0018916457495009903,
      -0.0036287992253854554,
      -0.0008134292036205811,
      0.007331405081557361,
      0.0106672604823927,
      0.010076251009725104,
      0.00408468256209667,
      -0.00951779601480595,
      -0.005668290040919066,
      -0.007671019406844355,
      -0.02238694668901445,
      -0.01477783503514265,
      -0.024470378095607648,
      -0.036573385134363,
      -0.0481219563236746,
      -0.0725518977337626,
      -0.10987772932931675,
      -0.1459779916122885,
      -0.1282621263725845,
      -0.180405720652249,
      -0.1655304959326975,
      -0.1778685599496545,
      -0.174566282487371,
      -0.1672398943126605,
      -0.195948822484326,
      -0.11530657215344205,
      -0.022316037232236026,
      0.008497779974072691,
      0.04473444328078935,
      0.11189071200117609,
      0.21187457630461048,
      0.3251980512717525,
      0.4400631377648575,
      0.529208293471181,
      0.6105006318600845,
      0.6999634553827065,
      0.7796977297937215,
      0.8191480871355055,
      0.851454187634191,
      0.8790519419577636,
      0.902547650139918,
      0.924011002353563,
      0.9426759090572709,
      0.957901277513725,
      0.969942117642359,
      0.978959296316133,
      0.9860001828531779,
      0.9901080567247404,
      0.9917259145960515,
      0.989996548270397,
      0.988233043091676,
      0.9895846887866899,
      0.9889291089842449,
      0.9898749431482861,
      0.9889841139325145,
      0.988616441945289,
      0.9892133923931454,
      0.9866762745916735,
      0.9826171709830425,
      0.978044750628243,
      0.973259604082094,
      0.9681070547141275,
      0.9626509403857899,
      0.9568486121190405,
      0.950773440033378,
      0.9444796101694879,
      -0.8318387946831935,
      -0.847048284915741,
      -0.8621448326110495,
      -0.877871995236537,
      -0.895267701686585,
      -0.9118584453452474,
      -0.9265645839745156,
      -0.9345445328064395,
      -0.9480728271382846,
      -0.948169154893017,
      -0.958962945188473,
      -0.965047526560245,
      -0.9630477423941846,
      -0.957459107454572,
      -0.9559220661523544,
      -0.9410887550106135,
      -0.9329426658987086,
      -0.9193017751087316,
      -0.8675319588675474,
      -0.7705138455283225,
      -0.675549982914962,
      -0.595549122625346,
      -0.5561550785321605,
      -0.4980185105736895,
      -0.4235463891770205,
      -0.394496200572571,
      -0.328566971680491,
      -0.292049752699044,
      -0.249922698922953,
      -0.21266674373967848,
      -0.1146122921869,
      -0.0772210523738503,
      -0.043406598965480395,
      -0.07144821407523666,
      -0.05178970465307695,
      -0.053157995599444396,
      -0.06657471983636905,
      -0.074383962841643,
      -0.0798105129277583,
      -0.1040841492730725,
      -0.1053546290578665,
      -0.0714801577976515,
      -0.0819269254475129,
      -0.10084448027192786,
      -0.09746728405668545,
      -0.08567973415267896,
      -0.07623000182941644,
      -0.09159741335933005,
      -0.08232180539682696,
      -0.05500505261712575,
      -0.0369316336282765,
      -0.009922682254349991,
      -0.0013648006902346498,
      0.031823564631673504,
      0.0441009556237723,
      0.10253091106088605,
      0.21003223521137948,
      0.262486411659394,
      0.35108866497375446,
      0.499668916474697,
      0.590657787837898,
      0.6681217403458515,
      0.661785498902673,
      0.6835630901263685,
      0.682773340538773,
      0.701048646395896,
      0.6856711806411655,
      0.6609896518001215,
      0.6848080934967344,
      0.646432121850378,
      0.6345317740179055,
      0.5905709551357761,
      0.568288137149727,
      0.519562026487812,
      0.467090353539718,
      0.41716085367814904,
      0.369739005528881,
      0.321932828010434,
      0.2797144064846445,
      0.239223888481904,
      0.200401810968156,
      0.16317951289503752,
      0.127483539106617,
      0.0932386729843231,
      0.06036999736367925,
      0.02880426706978225,
      -0.0015292055499571602,
      -0.030698008654327147,
      -0.058632679466055646,
      -0.08527961728143571,
      -0.1111172590765155,
      -0.13749604770541152,
      -0.1621224714138785,
      -0.1857005346094575,
      -0.2083003220884695,
      -0.2296194375376125,
      -0.250462762074082,
      -0.27074248018242597,
      -0.290592869100173
    ],