{
  "timestamp": "20260207_200814",
  "model_config": {
    "input_dim": 207,
    "hidden_dim": 56,
    "num_blocks": 5,
    "num_stages": 2,
    "num_cycles_per_stage": 2,
    "ratio_toZ_after_flowstage": 0.3,
    "ratio_x1_x2_inAffine": 0.024154589371980676
  },
  "training_params": {
    "batch_size": 32,
    "gradient_accumulation_steps": 1,
    "learning_rate": 0.0005,
    "weight_decay": 1e-05,
    "clip_value": 0.5,
    "num_epochs": 150,
    "loss_weights": {
      "weight_y": 1.5,
      "weight_x": 0.5,
      "weight_z": 0.3
    }
  },
  "data_info": {
    "train_samples": 90,
    "val_samples": 41,
    "x_dim": 5,
    "y_dim": 202,
    "z_dim": 5,
    "left_input_dim": 207,
    "right_input_dim": 207,
    "normalization_method": "robust",
    "x_mean": [
      3.25,
      3.722222328186035,
      3.0222222805023193,
      3.3888888359069824,
      3.0888888835906982
    ],
    "x_std": [
      0.27777767181396484,
      0.22222208976745605,
      0.22222232818603516,
      0.08888888359069824,
      0.08888888359069824
    ],
    "y_mean": [
      0.5453423478185425,
      0.5165959715754516,
      0.48919482578587103,
      0.4619306070528505,
      0.4329389205689415,
      0.40135233888136645,
      0.363901024419919,
      0.329649355901115,
      0.2903047589429105,
      0.242793577973167,
      0.18759226850351052,
      0.13793111619619403,
      0.06627467241264465,
      -0.005212635239592469,
      -0.07448668000832515,
      -0.1555754369076725,
      -0.1938532651415725,
      -0.1978484581893205,
      -0.2183275558432015,
      -0.209528969085292,
      -0.2718627130510715,
      -0.2517526314886215,
      -0.184624926251235,
      -0.1787088329556685,
      -0.1767671178723045,
      -0.16208345825293852,
      -0.18605244528912301,
      -0.19919792060443198,
      -0.149044617271561,
      -0.13430922434971498,
      -0.1320073155005425,
      -0.108577545686382,
      -0.0791275306922056,
      -0.0606366473978376,
      -0.0346879337766183,
      0.00339340993649993,
      0.0014744322935466296,
      0.005701546327899839,
      0.013474930927033214,
      0.0106672604823927,
      0.00870416781570056,
      0.0018688238784411255,
      -0.01408069549680125,
      -0.01088514509208845,
      -0.017821792292192752,
      -0.024039682707738902,
      -0.01956969232029255,
      -0.03657085250188305,
      -0.0458225915125329,
      -0.04984326051332115,
      -0.0725518977337626,
      -0.097516022040586,
      -0.0766731671738077,
      -0.10276736851152099,
      -0.1486664543850815,
      -0.11203718508118199,
      -0.1373219138890135,
      -0.119969889892434,
      -0.125688596015994,
      -0.10958131300396659,
      -0.09397265604170815,
      -0.0844062217246615,
      -0.013394968818461757,
      0.04473444328078935,
      0.123504954359638,
      0.213203320194677,
      0.3336490494965145,
      0.446335986576871,
      0.5319293987335014,
      0.6306103888976925,
      0.7116246844244021,
      0.7809906353856025,
      0.8210179301713965,
      0.8535976530609,
      0.8812611114625375,
      0.9046849696903876,
      0.9255301572127865,
      0.944444759157361,
      0.9594341423191279,
      0.97122961660688,
      0.9800031784784055,
      0.986809276900056,
      0.989835270260857,
      0.989237930502844,
      0.989494689671566,
      0.987943015155072,
      0.9876648417138649,
      0.9882000750853495,
      0.9884806765298806,
      0.988885752344763,
      0.9870418288641616,
      0.988774122869092,
      0.9864908173616955,
      0.9823101470308685,
      0.977798238222167,
      0.972919006118088,
      0.9677061947161435,
      0.9620828072989944,
      0.956340342254454,
      0.950346855252846,
      0.9441227123914324,
      -0.8378673652765345,
      -0.855804112620507,
      -0.87200033765337,
      -0.8866979676360025,
      -0.9011468871338365,
      -0.915266601069815,
      -0.9307141013927085,
      -0.941403080698359,
      -0.9541135893685011,
      -0.9530839977296905,
      -0.957858873341652,
      -0.9605911013217365,
      -0.9546468110862381,
      -0.9537856531306794,
      -0.95214005064913,
      -0.939121601985589,
      -0.927248535855404,
      -0.913469366392219,
      -0.8572101346967416,
      -0.7694117119104525,
      -0.675549982914962,
      -0.5824941934146415,
      -0.522703238501965,
      -0.41376748779100403,
      -0.345301835159349,
      -0.30249270792100647,
      -0.28684171628273747,
      -0.2222606663983105,
      -0.15818644074271698,
      -0.11945891217771881,
      -0.102934746380053,
      -0.07199223780785535,
      -0.043406598965480395,
      -0.05987658279357225,
      -0.0397228402743757,
      -0.0400587468644327,
      -0.05428362602571775,
      -0.06652057277551976,
      -0.0752159969417236,
      -0.08230214863443995,
      -0.08842559799392115,
      -0.082335006202071,
      -0.0866459888561612,
      -0.09743272043083245,
      -0.09647064320100546,
      -0.08567973415267896,
      -0.0708016199662773,
      -0.06790856509109724,
      -0.049833800192407754,
      -0.037759613278231144,
      -0.01699769263380465,
      0.007511584278254545,
      0.00844442503924025,
      0.04129181794179375,
      0.0526407097693554,
      0.08866902423397491,
      0.13430274319396002,
      0.245350634288388,
      0.28917748792445797,
      0.464494474018159,
      0.590657787837898,
      0.5896037617063805,
      0.642394026371435,
      0.6721014918843925,
      0.643511834104744,
      0.6840941551380925,
      0.659901602940776,
      0.658535883899436,
      0.675186224725021,
      0.6427486921124865,
      0.6368994618789929,
      0.5911013162571145,
      0.5623309108376915,
      0.5136782270643836,
      0.46636342028910605,
      0.4139130228092365,
      0.3629248597844435,
      0.315101061531885,
      0.2729230014349025,
      0.23251901651881002,
      0.193818982735834,
      0.15674500997948299,
      0.1212158771845615,
      0.0871499692271965,
      0.0544671862736051,
      0.023090148326964002,
      -0.007055082891553375,
      -0.0348351467159671,
      -0.06153729522480825,
      -0.08733620302806855,
      -0.1123925023682065,
      -0.138076869051621,
      -0.162843886855244,
      -0.18698579239622598,
      -0.2093558740020955,
      -0.231000350223826,
      -0.252090779660407,
      -0.2728009440110465,
      -0.2922652022398725
    ],