{
  "timestamp": "20260119_151326",
  "model_config": {
    "input_dim": 106,
    "hidden_dim": 32,
    "num_blocks": 6,
    "num_stages": 3,
    "num_cycles_per_stage": 2,
    "ratio_toZ_after_flowstage": 0.3,
    "ratio_x1_x2_inAffine": 0.04716981132075472
  },
  "training_params": {
    "batch_size": 32,
    "gradient_accumulation_steps": 1,
    "learning_rate": 1e-05,
    "weight_decay": 1e-06,
    "clip_value": 0.5,
    "num_epochs": 150,
    "loss_weights": {
      "weight_y": 1.2,
      "weight_x": 0.5,
      "weight_z": 0.3
    }
  },
  "data_info": {
    "train_samples": 884,
    "val_samples": 222,
    "x_dim": 5,
    "y_dim": 101,
    "z_dim": 5,
    "left_input_dim": 106,
    "right_input_dim": 106,
    "normalization_method": "robust",
    "x_mean": [
      3.1600000858306885,
      3.859999895095825,
      3.2799999713897705,
      3.4000000953674316,
      3.069999933242798
    ],
    "x_std": [
      0.24000000953674316,
      0.16000008583068848,
      0.2799999713897705,
      0.009999990463256836,
      0.04999995231628418
    ],
    "y_mean": [
      -0.000696090368361338,
      -0.0008212698059078395,
      -0.0010018930441524,
      -0.00125949067399722,
      -0.00161269064865239,
      -0.0020861559809992603,
      -0.00270882350056952,
      -0.00353545718445066,
      -0.00463037431884418,
      -0.006120864516270336,
      -0.00819938156804054,
      -0.01105801772002815,
      -0.01490308569744005,
      -0.020418237458005,
      -0.0282815866110697,
      -0.039831957746337604,
      -0.056727345522841754,
      -0.082296198230047,
      -0.120165868668643,
      -0.178141915966583,
      -0.271719814914107,
      -0.42258219574015,
      -0.667282888668346,
      -1.070855075219575,
      -1.73399742807316,
      -2.79179062434758,
      -4.4669320995835005,
      -6.64365843891137,
      -8.431527236575139,
      -9.22077060203411,
      -10.3094201843126,
      -11.54367545253205,
      -13.10002597102105,
      -14.812290651048599,
      -16.3920903408792,
      -17.596882630358202,
      -18.1951599716146,
      -18.20545171327765,
      -17.8148920773388,
      -16.968638725526198,
      -16.16654952395755,
      -15.4739005937206,
      -14.9389259570552,
      -14.8598927853578,
      -15.185661353628301,
      -15.521530690016949,
      -16.06712211542615,
      -16.48088961891055,
      -16.46887184793415,
      -16.338600380950197,
      -16.4862268881362,
      -16.5825083471451,
      -16.8076220095385,
      -17.072243271818948,
      -17.305895906922302,
      -17.0723186908455,
      -15.330067002830699,
      -12.99450451270895,
      -10.87023702652575,
      -9.432551769997236,
      -8.439209255610649,
      -6.6390495159172,
      -5.072768841406106,
      -3.60487525500932,
      -2.540836888256215,
      -1.781517088500805,
      -1.248783234033815,
      -0.8752634452593899,
      -0.617159283095671,
      -0.4392177683976445,
      -0.313621659750149,
      -0.225548664576707,
      -0.165409108900273,
      -0.122252166635143,
      -0.091914320814922,
      -0.06999412247063361,
      -0.05349978739619175,
      -0.0414768454573272,
      -0.03256649204231945,
      -0.025739946689193202,
      -0.0205239636517244,
      -0.01647145846091,
      -0.013285324474915,
      -0.01077551581418615,
      -0.008780207049275866,
      -0.007183860266607135,
      -0.005910044446655004,
      -0.004855592270219309,
      -0.00400759510900074,
      -0.00330626824214539,
      -0.0027096697205670353,
      -0.002251610676091915,
      -0.00189344558116197,
      -0.0015865663004564251,
      -0.001330760342811785,
      -0.0011380200300272801,
      -0.0009902317402875475,
      -0.0008865941315108474,
      -0.000817628964465591,
      -0.0007811272440078816,
      -0.0007889303318259909
    ],
    "y_std": [
      0.0004894009692252286,
      0.000623642791372799,
      0.0007893730947063473,
      0.0010192646867542463,
      0.0013155215579865602,
      0.0017166947435649175,
      0.0022832863080553423,
      0.0030376777220256952,
      0.003993550987241635,
      0.00539603297631434,
      0.007443834244193129,
      0.010282105900386493,
      0.014456505128587621,
      0.020568600374236398,
      0.03000964233055915,
      0.043530487578355974,
      0.06616413875184715,
      0.10258151228337105,
      0.15995422868976605,
      0.25822347939657125,
      0.43663760153739894,
      0.7611310552460795,
      1.3210423748509226,
      2.3461166756486214,
      4.039569766205291,
      6.871945346958247,
      10.938040158013592,
      13.332257909192272,
      13.42837406463881,
      10.960829596478417,
      9.693497516067126,
      9.89615803531173,
      10.642584997095762,
      11.545950818332678,
      11.764792384050928,
      11.7804609798012,
      11.636595754033022,
      11.0336969754451,
      10.509011788778476,
      10.612017424812473,
      10.080015304020376,
      9.033218174985102,
      7.943105701226051,
      8.00308476511325,
      8.706129503104172,
      9.750038769658648,
      10.281366146693824,
      10.320984316855178,
      10.059173613079349,
      9.879888305958502,
      9.616580314758325,
      9.858932207058174,
      10.304767669192204,
      11.046420312962349,
      11.810940243942472,
      12.0688380616776,
      9.225716200636777,
      5.2207904019403255,
      3.498584552000848,
      4.202213323658581,
      7.876819114798694,
      13.295591313203811,
      23.53058066393866,
      18.43632840076792,
      10.51076016196426,
      6.430652269863496,
      3.9041330868447575,
      2.3767079169142686,
      1.4576403039860595,
      0.9045351880147061,
      0.5709799376992133,
      0.37177714639417925,
      0.2467450775930523,
      0.16567065409736795,
      0.11748668178793378,
      0.08314893866298843,
      0.05951969289138443,
      0.043800814130773656,
      0.032393365122250356,
      0.024522818857179076,
      0.018600112107965222,
      0.01433631536323465,
      0.011241115618779147,
      0.008885613686954636,
      0.007121362077864256,
      0.005735313484347408,
      0.004721961059360387,
      0.0038696305425163693,
      0.003224859278972273,
      0.0027066176167990373,
      0.002282979822829985,
      0.001956475392104945,
      0.001690927290925428,
      0.001466196021290308,
      0.00126770750034399,
      0.0010854366655720976,
      0.000926262936432499,
      0.0007836683338937897,
      0.000637976417559022,
      0.0005042463490457446,
      0.0003801828128936869
    ]
  }
}